service_name,service_url
Children's Aid Society of Toronto,https://211ontario.ca/service/81986532/childrens-aid-society-of-toronto-childrens-aid-society-of-toronto/?searchLocation=Toronto&topicPath=2&latitude=43.6653708&longitude=-79.3878071&sd=25&ss=Distance
Native Child and Family Services of Toronto,https://211ontario.ca/service/93010592/native-child-and-family-services-of-toronto-child-welfare/?searchLocation=Toronto&topicPath=2&latitude=43.6653708&longitude=-79.3878071&sd=25&ss=Distance
Lumenus Community Services,https://211ontario.ca/service/69799640/lumenus-community-services-counselling-services/?searchLocation=Toronto&topicPath=2&latitude=43.6653708&longitude=-79.3878071&sd=25&ss=Distance
Hospital for Sick Children,https://211ontario.ca/service/69795333/hospital-for-sick-children-hospital-for-sick-children/?searchLocation=Toronto&topicPath=2&latitude=43.6653708&longitude=-79.3878071&sd=25&ss=Distance
Jewish Family and Child Service,https://211ontario.ca/service/69795497/jewish-family-and-child-service-child-and-family-supports-downtown-toronto/?searchLocation=Toronto&topicPath=2&latitude=43.6653708&longitude=-79.3878071&sd=25&ss=Distance
Bikers Against Child Abuse - Ontario,https://211ontario.ca/service/91544273/bikers-against-child-abuse-ontario-bikers-against-child-abuse/?searchLocation=Toronto&topicPath=2&latitude=43.6653708&longitude=-79.3878071&sd=25&ss=Distance
Canadian Centre for Child Protection,https://211ontario.ca/service/70568694/canadian-centre-for-child-protection-canadian-centre-for-child-protection/?searchLocation=Toronto&topicPath=2&latitude=43.6653708&longitude=-79.3878071&sd=25&ss=Distance
Child Development Institute,https://211ontario.ca/service/69797973/child-development-institute-child-development-institute-head-office/?searchLocation=Toronto&topicPath=2&latitude=43.6653708&longitude=-79.3878071&sd=25&ss=Distance
Abrigo Centre,https://211ontario.ca/service/80510118/abrigo-centre-counselling-and-support-services/?searchLocation=Toronto&topicPath=2&latitude=43.6653708&longitude=-79.3878071&sd=25&ss=Distance
Boost Child & Youth Advocacy Centre,https://211ontario.ca/service/69795861/boost-child--youth-advocacy-centre-boost-child--youth-advocacy-centre/?searchLocation=Toronto&topicPath=2&latitude=43.6653708&longitude=-79.3878071&sd=25&ss=Distance
Lumenus Community Services,https://211ontario.ca/service/69799643/lumenus-community-services-youthcan-impact-walk-in-counselling/?searchLocation=Toronto&topicPath=2&latitude=43.6653708&longitude=-79.3878071&sd=25&ss=Distance
Riverdale Immigrant Women's Centre,https://211ontario.ca/service/69797131/riverdale-immigrant-womens-centre-general-and-violence-against-women-services/?searchLocation=Toronto&topicPath=2&latitude=43.6653708&longitude=-79.3878071&sd=25&ss=Distance
Catholic Children's Aid Society of Toronto,https://211ontario.ca/service/81986189/catholic-childrens-aid-society-of-toronto-child-protection-services/?searchLocation=Toronto&topicPath=2&latitude=43.6653708&longitude=-79.3878071&sd=25&ss=Distance
Jewish Family and Child Service,https://211ontario.ca/service/69795483/jewish-family-and-child-service-child-and-family-supports-north-york/?searchLocation=Toronto&topicPath=2&latitude=43.6653708&longitude=-79.3878071&sd=25&ss=Distance
Gatehouse,https://211ontario.ca/service/78272113/gatehouse-gatehouse/?searchLocation=Toronto&topicPath=2&latitude=43.6653708&longitude=-79.3878071&sd=25&ss=Distance
Lumenus Community Services,https://211ontario.ca/service/69799623/lumenus-community-services-west-end-services-for-abuse-and-trauma-wesat/?searchLocation=Toronto&topicPath=2&latitude=43.6653708&longitude=-79.3878071&sd=25&ss=Distance
Scarborough Centre for Healthy Communities,https://211ontario.ca/service/93392133/scarborough-centre-for-healthy-communities-sexual-assault-and-domestic-violence-care-centre-toronto-markham-rd/?searchLocation=Toronto&topicPath=2&latitude=43.6653708&longitude=-79.3878071&sd=25&ss=Distance
CAFCAN,https://211ontario.ca/service/69795441/cafcan-cafcan/?searchLocation=Toronto&topicPath=2&latitude=43.6653708&longitude=-79.3878071&sd=25&ss=Distance
Scarborough Health Network,https://211ontario.ca/service/69800793/scarborough-health-network-sexual-assault-and-domestic-violence-program/?searchLocation=Toronto&topicPath=2&latitude=43.6653708&longitude=-79.3878071&sd=25&ss=Distance
Community Family Services of Ontario,https://211ontario.ca/service/69794732/community-family-services-of-ontario-cfso-counselling-and-support-programs/?searchLocation=Toronto&topicPath=2&latitude=43.6653708&longitude=-79.3878071&sd=25&ss=Distance
Trillium Health Partners,https://211ontario.ca/service/69806565/trillium-health-partners-regional-sexual-assault-and-domestic-violence-services/?searchLocation=Toronto&topicPath=2&latitude=43.6653708&longitude=-79.3878071&sd=25&ss=Distance
Catholic Crosscultural Services,https://211ontario.ca/service/69794617/catholic-crosscultural-services-catholic-crosscultural-services-mississauga-3660-hurontario-st-site/?searchLocation=Toronto&topicPath=2&latitude=43.6653708&longitude=-79.3878071&sd=25&ss=Distance
COSTI,https://211ontario.ca/service/69794854/costi-vaughan-centre-family-and-mental-health-services-centre/?searchLocation=Toronto&topicPath=2&latitude=43.6653708&longitude=-79.3878071&sd=25&ss=Distance
Mackenzie Health,https://211ontario.ca/service/74694346/mackenzie-health-domestic-abuse-and-sexual-assault-care-centre-emergency-services/?searchLocation=Toronto&topicPath=2&latitude=43.6653708&longitude=-79.3878071&sd=25&ss=Distance
Family Services of Peel,https://211ontario.ca/service/70305834/family-services-of-peel-abuse-prevention/?searchLocation=Toronto&topicPath=2&latitude=43.6653708&longitude=-79.3878071&sd=25&ss=Distance
Centre for Abuse and Trauma Therapy,https://211ontario.ca/service/68954139/centre-for-abuse-and-trauma-therapy-centre-for-abuse-and-trauma-therapy/?searchLocation=Toronto&topicPath=2&latitude=43.6653708&longitude=-79.3878071&sd=25&ss=Distance&pg=2
"Victim Services of Stormont, Dundas, Glengarry and Akwesasne",https://211ontario.ca/service/84055036/victim-services-of-stormont-dundas-glengarry-and-akwesasne-internet-child-exploitation-counselling-program-ice/?searchLocation=Toronto&topicPath=2&latitude=43.6653708&longitude=-79.3878071&sd=25&ss=Distance&pg=2
